Configuration,Language,File Path,Successfully Extracted
/language:javascript-typescript,JavaScript,e2e/entries/SampleApp.e2e.js,true
/language:javascript-typescript,JavaScript,package/metro-dev-helpers/lib/index.js,true
/language:javascript-typescript,JavaScript,package/src/components/MessageInput/__tests__/SendButton.test.js,true
/language:javascript-typescript,JavaScript,package/src/mock-builders/api/deleteMessage.js,true
/language:javascript-typescript,JavaScript,package/src/mock-builders/event/connectionRecovered.js,true
/language:javascript-typescript,JavaScript,examples/ExpoMessaging/babel.config.js,true
/language:javascript-typescript,JavaScript,examples/TypeScriptMessaging/metro.config.js,true
/language:javascript-typescript,JavaScript,package/src/__tests__/offline-support/offline-feature.js,true
/language:javascript-typescript,JavaScript,package/src/components/Attachment/__tests__/buildGallery.test.js,true
/language:javascript-typescript,JavaScript,package/src/emoji-data/compile.js,true
/language:javascript-typescript,JavaScript,package/jest-setup.js,true
/language:javascript-typescript,JavaScript,examples/SampleApp/babel.config.js,true
/language:javascript-typescript,JavaScript,e2e/env.config.js,true
/language:javascript-typescript,JavaScript,package/src/components/Message/MessageSimple/__tests__/MessageReplies.test.js,true
/language:javascript-typescript,JavaScript,package/src/mock-builders/event/reactionUpdated.js,true
/language:javascript-typescript,JavaScript,package/src/mock-builders/mock.js,true
/language:javascript-typescript,JavaScript,package/src/utils/__tests__/Streami18n.test.js,true
/language:javascript-typescript,JavaScript,release/monorepo-setup.js,true
/language:javascript-typescript,JavaScript,e2e/common/basic-channel-list.e2e.js,true
/language:javascript-typescript,JavaScript,package/src/components/MessageList/__tests__/MessageSystem.test.js,true
/language:javascript-typescript,JavaScript,package/src/mock-builders/event/reactionNew.js,true
/language:javascript-typescript,JavaScript,examples/ExpoMessaging/metro.config.js,true
/language:javascript-typescript,JavaScript,e2e/client.js,true
/language:javascript-typescript,JavaScript,package/babel.config.js,true
/language:javascript-typescript,JavaScript,package/src/mock-builders/api/deleteReaction.js,true
/language:javascript-typescript,JavaScript,package/src/mock-builders/event/messageUpdated.js,true
/language:javascript-typescript,JavaScript,package/src/mock-builders/event/notificationMessageNew.js,true
/language:javascript-typescript,JavaScript,examples/SampleApp/jest.config.js,true
/language:javascript-typescript,JavaScript,package/src/components/MessageList/__tests__/TypingIndicator.test.js,true
/language:javascript-typescript,JavaScript,release/next.js,true
/language:javascript-typescript,JavaScript,e2e/utils.js,true
/language:javascript-typescript,JavaScript,package/src/mock-builders/event/memberAdded.js,true
/language:javascript-typescript,JavaScript,package/src/test-utils/BetterSqlite.js,true
/language:javascript-typescript,JavaScript,package/src/mock-builders/event/channelUpdated.js,true
/language:javascript-typescript,JavaScript,package/src/mock-builders/event/messageDeleted.js,true
/language:javascript-typescript,JavaScript,e2e/environment.js,true
/language:javascript-typescript,JavaScript,package/src/mock-builders/event/userPresence.js,true
/language:javascript-typescript,JavaScript,package/src/mock-builders/generator/reaction.js,true
/language:javascript-typescript,JavaScript,package/jest.config.js,true
/language:javascript-typescript,JavaScript,examples/TypeScriptMessaging/index.js,true
/language:javascript-typescript,JavaScript,package/src/components/Message/MessageSimple/__tests__/MessageAvatar.test.js,true
/language:javascript-typescript,JavaScript,package/src/components/MessageInput/__tests__/FileUploadPreview.test.js,true
/language:javascript-typescript,JavaScript,package/src/mock-builders/api/sendMessage.js,true
/language:javascript-typescript,JavaScript,package/src/mock-builders/event/memberRemoved.js,true
/language:javascript-typescript,JavaScript,package/src/mock-builders/event/notificationMutesUpdated.js,true
/language:javascript-typescript,JavaScript,package/src/components/Message/MessageSimple/__tests__/MessageContent.test.js,true
/language:javascript-typescript,JavaScript,package/src/components/Attachment/__tests__/Gallery.test.js,true
/language:javascript-typescript,JavaScript,package/src/mock-builders/api/queryMembers.js,true
/language:javascript-typescript,JavaScript,package/src/components/MessageList/__tests__/ScrollToBottomButton.test.js,true
/language:javascript-typescript,JavaScript,package/expo-package/src/index.js,true
/language:javascript-typescript,JavaScript,release/extract-changelog.js,true
/language:javascript-typescript,JavaScript,package/src/mock-builders/api/utils.js,true
/language:javascript-typescript,JavaScript,package/src/mock-builders/event/userUpdated.js,true
/language:javascript-typescript,JavaScript,package/src/__tests__/offline-support/optimistic-update.js,true
/language:javascript-typescript,JavaScript,package/src/components/MessageList/__tests__/MessageList.test.js,true
/language:javascript-typescript,JavaScript,package/src/components/ChannelPreview/__tests__/ChannelPreviewMessenger.test.js,true
/language:javascript-typescript,JavaScript,package/src/components/Message/MessageSimple/__tests__/MessagePinnedHeader.test.js,true
/language:javascript-typescript,JavaScript,package/src/components/ChannelList/__tests__/ChannelList.test.js,true
/language:javascript-typescript,JavaScript,package/src/mock-builders/generator/message.js,true
/language:javascript-typescript,JavaScript,docusaurus/reactnative-docusaurus-dontent-docs.plugin.js,true
/language:javascript-typescript,JavaScript,package/rn-cli.config.js,true
/language:javascript-typescript,JavaScript,package/src/components/Chat/__tests__/Chat.test.js,true
/language:javascript-typescript,JavaScript,package/src/components/Channel/__tests__/ownCapabilities.test.js,true
/language:javascript-typescript,JavaScript,package/src/components/Attachment/__tests__/Giphy.test.js,true
/language:javascript-typescript,JavaScript,package/src/mock-builders/event/typing.js,true
/language:javascript-typescript,JavaScript,package/__mocks__/react-native.js,true
/language:javascript-typescript,JavaScript,package/src/components/Attachment/__tests__/Attachment.test.js,true
/language:javascript-typescript,JavaScript,examples/TypeScriptMessaging/babel.config.js,true
/language:javascript-typescript,JavaScript,package/src/mock-builders/api/error.js,true
/language:javascript-typescript,JavaScript,package/src/mock-builders/generator/attachment.js,true
/language:javascript-typescript,JavaScript,package/src/mock-builders/generator/user.js,true
/language:javascript-typescript,JavaScript,package/src/mock-builders/event/reactionDeleted.js,true
/language:javascript-typescript,JavaScript,package/metro-dev-helpers/lib/find-linked-packages.js,true
/language:javascript-typescript,JavaScript,package/src/mock-builders/generator/member.js,true
/language:javascript-typescript,JavaScript,package/src/components/MessageInput/__tests__/ImageUploadPreview.test.js,true
/language:javascript-typescript,JavaScript,package/src/components/MessageInput/__tests__/UploadProgressIndicator.test.js,true
/language:javascript-typescript,JavaScript,package/src/mock-builders/event/channelTruncated.js,true
/language:javascript-typescript,JavaScript,package/src/mock-builders/event/notificationRemovedFromChannel.js,true
/language:javascript-typescript,JavaScript,examples/SampleApp/metro.config.js,true
/language:javascript-typescript,JavaScript,e2e/common/basic-message-list.e2e.js,true
/language:javascript-typescript,JavaScript,package/src/mock-builders/event/channelDeleted.js,true
/language:javascript-typescript,JavaScript,package/src/components/Avatar/__tests__/Avatar.test.js,true
/language:javascript-typescript,JavaScript,package/src/mock-builders/event/notificationAddedToChannel.js,true
/language:javascript-typescript,JavaScript,package/src/components/Message/MessageSimple/__tests__/MessageStatus.test.js,true
/language:javascript-typescript,JavaScript,package/src/components/Message/MessageSimple/__tests__/Message.test.js,true
/language:javascript-typescript,JavaScript,package/src/components/ChannelList/__tests__/ChannelListMessenger.test.js,true
/language:javascript-typescript,JavaScript,package/src/mock-builders/event/memberUpdated.js,true
/language:javascript-typescript,JavaScript,package/src/utils/__tests__/utils.test.js,true
/language:javascript-typescript,JavaScript,release/release.config.js,true
/language:javascript-typescript,JavaScript,examples/SampleApp/index.js,true
/language:javascript-typescript,JavaScript,examples/ExpoMessaging/index.js,true
/language:javascript-typescript,JavaScript,package/src/components/AutoCompleteInput/__tests__/AutoCompleteInput.test.js,true
/language:javascript-typescript,JavaScript,package/src/mock-builders/api/queryChannels.js,true
/language:javascript-typescript,JavaScript,release/prod.js,true
/language:javascript-typescript,JavaScript,commitlint.config.js,true
/language:javascript-typescript,JavaScript,package/src/components/Channel/__tests__/Channel.test.js,true
/language:javascript-typescript,JavaScript,package/src/emoji-data/index.js,true
/language:javascript-typescript,JavaScript,package/src/mock-builders/api/useMockedApis.js,true
/language:javascript-typescript,JavaScript,package/src/mock-builders/event/channelHidden.js,true
/language:javascript-typescript,JavaScript,package/src/mock-builders/native/react-native-mock.js,true
/language:javascript-typescript,JavaScript,package/bin/validate-translations.js,true
/language:javascript-typescript,JavaScript,package/src/components/MessageInput/__tests__/MessageInput.test.js,true
/language:javascript-typescript,JavaScript,package/src/mock-builders/event/messageNew.js,true
/language:javascript-typescript,JavaScript,package/src/mock-builders/event/messageRead.js,true
/language:javascript-typescript,JavaScript,package/native-package/src/index.js,true
/language:javascript-typescript,JavaScript,package/src/components/docs/data.js,true
/language:javascript-typescript,JavaScript,package/src/components/Thread/__tests__/Thread.test.js,true
/language:javascript-typescript,JavaScript,package/src/components/MessageInput/__tests__/AttachButton.test.js,true
/language:javascript-typescript,JavaScript,package/src/mock-builders/api/threadReplies.js,true
/language:javascript-typescript,JavaScript,package/metro-dev-helpers/lib/extract-extra-node-modules.js,true
/language:javascript-typescript,JavaScript,package/metro-dev-helpers/extract-linked-packages.js,true
/language:javascript-typescript,JavaScript,package/rollup-react-native-image.js,true
/language:javascript-typescript,JavaScript,package/src/components/Channel/__tests__/isAttachmentEqualHandler.test.js,true
/language:javascript-typescript,JavaScript,package/src/mock-builders/event/connectionChanged.js,true
/language:javascript-typescript,JavaScript,package/src/contexts/suggestionsContext/__tests__/Suggestions.test.js,true
/language:javascript-typescript,TypeScript,package/src/contexts/themeContext/utils/theme.ts,true
/language:javascript-typescript,TypeScript,package/src/icons/RTF.tsx,true
/language:javascript-typescript,TypeScript,examples/SampleApp/src/components/UserSearch/UserSearchResultsGrid.tsx,true
/language:javascript-typescript,TypeScript,package/src/components/Chat/hooks/useAppSettings.ts,true
/language:javascript-typescript,TypeScript,package/src/components/Attachment/utils/buildGallery/buildGalleryOfTwoImages.ts,true
/language:javascript-typescript,TypeScript,package/src/icons/MD.tsx,true
/language:javascript-typescript,TypeScript,package/src/icons/Recorder.tsx,true
/language:javascript-typescript,TypeScript,package/src/components/Attachment/utils/openUrlSafely.ts,true
/language:javascript-typescript,TypeScript,examples/SampleApp/src/icons/DownArrow.tsx,true
/language:javascript-typescript,TypeScript,examples/SampleApp/src/components/ChannelInfoOverlay.tsx,true
/language:javascript-typescript,TypeScript,package/src/icons/CircleClose.tsx,true
/language:javascript-typescript,TypeScript,package/src/contexts/channelsStateContext/useChannelState.ts,true
/language:javascript-typescript,TypeScript,package/src/store/apis/getLastSyncedAt.ts,true
/language:javascript-typescript,TypeScript,package/src/components/Chat/hooks/handleEventToSyncDB.ts,true
/language:javascript-typescript,TypeScript,package/src/components/Indicators/EmptyStateIndicator.tsx,true
/language:javascript-typescript,TypeScript,package/src/icons/LOLReaction.tsx,true
/language:javascript-typescript,TypeScript,package/src/icons/MailOpen.tsx,true
/language:javascript-typescript,TypeScript,examples/SampleApp/src/components/UnreadCountBadge.tsx,true
/language:javascript-typescript,TypeScript,package/src/contexts/imageGalleryContext/ImageGalleryContext.tsx,true
/language:javascript-typescript,TypeScript,package/src/contexts/overlayContext/OverlayContext.tsx,true
/language:javascript-typescript,TypeScript,package/src/components/Message/utils/messageActions.ts,true
/language:javascript-typescript,TypeScript,package/src/icons/PDF.tsx,true
/language:javascript-typescript,TypeScript,examples/SampleApp/src/utils/base.tsx,true
/language:javascript-typescript,TypeScript,examples/SampleApp/src/context/BottomSheetOverlayContext.tsx,true
/language:javascript-typescript,TypeScript,examples/SampleApp/src/components/UserSearch/UserSearchResults.tsx,true
/language:javascript-typescript,TypeScript,examples/SampleApp/src/components/NewDirectMessagingSendButton.tsx,true
/language:javascript-typescript,TypeScript,package/src/store/mappers/mapStorableToReaction.ts,true
/language:javascript-typescript,TypeScript,package/src/components/AutoCompleteInput/AutoCompleteSuggestionHeader.tsx,true
/language:javascript-typescript,TypeScript,package/src/components/MessageInput/components/InputEditingStateHeader.tsx,true
/language:javascript-typescript,TypeScript,package/src/icons/GenericFile.tsx,true
/language:javascript-typescript,TypeScript,package/src/components/Attachment/FileAttachment.tsx,true
/language:javascript-typescript,TypeScript,package/src/icons/Delete.tsx,true
/language:javascript-typescript,TypeScript,package/src/hooks/useAppStateListener.ts,true
/language:javascript-typescript,TypeScript,package/src/store/mappers/mapReadToStorable.ts,true
/language:javascript-typescript,TypeScript,package/src/components/MessageInput/FileUploadPreview.tsx,true
/language:javascript-typescript,TypeScript,package/src/components/MessageInput/components/InputReplyStateHeader.tsx,true
/language:javascript-typescript,TypeScript,package/src/components/Chat/hooks/useIsOnline.ts,true
/language:javascript-typescript,TypeScript,package/src/components/ImageGallery/components/AnimatedGalleryVideo.tsx,true
/language:javascript-typescript,TypeScript,package/src/components/ChannelList/utils.ts,true
/language:javascript-typescript,TypeScript,examples/SampleApp/src/icons/Delete.tsx,true
/language:javascript-typescript,TypeScript,package/src/contexts/index.ts,true
/language:javascript-typescript,TypeScript,package/src/contexts/utils/defaultBaseContextValue.ts,true
/language:javascript-typescript,TypeScript,examples/SampleApp/src/context/UserSearchContext.tsx,true
/language:javascript-typescript,TypeScript,examples/SampleApp/src/screens/NewGroupChannelAssignNameScreen.tsx,true
/language:javascript-typescript,TypeScript,package/src/components/AttachmentPicker/components/AttachmentPickerItem.tsx,true
/language:javascript-typescript,TypeScript,package/src/components/ChannelPreview/ChannelPreviewMessage.tsx,true
/language:javascript-typescript,TypeScript,package/src/components/Attachment/utils/getGalleryImageBorderRadius.ts,true
/language:javascript-typescript,TypeScript,package/src/icons/GiphyIcon.tsx,true
/language:javascript-typescript,TypeScript,examples/SampleApp/src/ChatUsers.ts,true
/language:javascript-typescript,TypeScript,package/src/init.ts,true
/language:javascript-typescript,TypeScript,package/src/store/apis/queries/selectMessagesForChannels.ts,true
/language:javascript-typescript,TypeScript,package/src/icons/LoveReaction.tsx,true
/language:javascript-typescript,TypeScript,package/native-package/src/handlers/saveFile.ts,true
/language:javascript-typescript,TypeScript,package/src/mock-builders/generator/channel.ts,true
/language:javascript-typescript,TypeScript,package/native-package/src/optionalDependencies/index.ts,true
/language:javascript-typescript,TypeScript,examples/SampleApp/src/icons/Check.tsx,true
/language:javascript-typescript,TypeScript,package/src/components/Attachment/utils/getAspectRatio.ts,true
/language:javascript-typescript,TypeScript,package/src/components/ChannelList/hooks/listeners/useNewMessageNotification.ts,true
/language:javascript-typescript,TypeScript,examples/SampleApp/src/context/AppOverlayProvider.tsx,true
/language:javascript-typescript,TypeScript,examples/SampleApp/src/icons/Settings.tsx,true
/language:javascript-typescript,TypeScript,package/src/store/apis/upsertUserSyncStatus.ts,true
/language:javascript-typescript,TypeScript,package/src/store/mappers/mapStorableToMessage.ts,true
/language:javascript-typescript,TypeScript,package/src/icons/DownloadArrow.tsx,true
/language:javascript-typescript,TypeScript,package/expo-package/src/handlers/takePhoto.ts,true
/language:javascript-typescript,TypeScript,package/src/components/ImageGallery/components/ImageGalleryHeader.tsx,true
/language:javascript-typescript,TypeScript,package/src/mock-builders/DB/consts.ts,true
/language:javascript-typescript,TypeScript,package/native-package/src/handlers/Sound.tsx,true
/language:javascript-typescript,TypeScript,package/src/contexts/ownCapabilitiesContext/OwnCapabilitiesContext.tsx,true
/language:javascript-typescript,TypeScript,package/src/store/apis/getAppSettings.ts,true
/language:javascript-typescript,TypeScript,package/src/components/Attachment/utils/getGiphyMimeType.ts,true
/language:javascript-typescript,TypeScript,package/src/components/Attachment/utils/buildGallery/types.ts,true
/language:javascript-typescript,TypeScript,package/src/components/Channel/Channel.tsx,true
/language:javascript-typescript,TypeScript,package/src/components/Attachment/utils/buildGallery/buildGallery.ts,true
/language:javascript-typescript,TypeScript,examples/SampleApp/src/types.ts,true
/language:javascript-typescript,TypeScript,package/src/utils/DBSyncManager.ts,true
/language:javascript-typescript,TypeScript,package/src/store/apis/deleteMessage.ts,true
/language:javascript-typescript,TypeScript,package/src/components/MessageList/utils/getDateSeparators.ts,true
/language:javascript-typescript,TypeScript,package/src/components/ImageGallery/hooks/useImageGalleryGestures.tsx,true
/language:javascript-typescript,TypeScript,examples/SampleApp/src/components/UserSearch/SelectedUserTag.tsx,true
/language:javascript-typescript,TypeScript,package/src/contexts/__tests__/index.test.tsx,true
/language:javascript-typescript,TypeScript,package/src/icons/Copy.tsx,true
/language:javascript-typescript,TypeScript,package/src/icons/Group.tsx,true
/language:javascript-typescript,TypeScript,examples/SampleApp/src/utils/AsyncStore.ts,true
/language:javascript-typescript,TypeScript,package/src/contexts/utils/getDisplayName.ts,true
/language:javascript-typescript,TypeScript,package/src/components/Channel/hooks/useCreatePaginatedMessageListContext.ts,true
/language:javascript-typescript,TypeScript,package/src/icons/CSV.tsx,true
/language:javascript-typescript,TypeScript,package/src/icons/Warning.tsx,true
/language:javascript-typescript,TypeScript,package/src/icons/Unknown.tsx,true
/language:javascript-typescript,TypeScript,package/expo-package/src/handlers/getPhotos.ts,true
/language:javascript-typescript,TypeScript,package/native-package/src/handlers/NetInfo.ts,true
/language:javascript-typescript,TypeScript,package/src/contexts/debugContext/DebugContext.tsx,true
/language:javascript-typescript,TypeScript,package/src/store/apis/queries/selectMembersForChannels.ts,true
/language:javascript-typescript,TypeScript,package/src/store/apis/getPendingTasks.ts,true
/language:javascript-typescript,TypeScript,package/src/components/Attachment/AttachmentActions.tsx,true
/language:javascript-typescript,TypeScript,package/src/components/ChannelPreview/__tests__/ChannelPreview.test.tsx,true
/language:javascript-typescript,TypeScript,package/src/icons/Sound.tsx,true
/language:javascript-typescript,TypeScript,package/src/icons/Audio.tsx,true
/language:javascript-typescript,TypeScript,package/src/__tests__/offline-support/index.test.ts,true
/language:javascript-typescript,TypeScript,package/src/contexts/typingContext/TypingContext.tsx,true
/language:javascript-typescript,TypeScript,package/src/store/apis/upsertCidsForQuery.ts,true
/language:javascript-typescript,TypeScript,package/src/components/Indicators/LoadingDots.tsx,true
/language:javascript-typescript,TypeScript,examples/SampleApp/src/components/ChannelPreview.tsx,true
/language:javascript-typescript,TypeScript,package/src/emoji-data/compiled.ts,true
/language:javascript-typescript,TypeScript,package/src/contexts/messageInputContext/hooks/useCreateMessageInputContext.ts,true
/language:javascript-typescript,TypeScript,package/src/components/ChannelList/hooks/useCreateChannelsContext.ts,true
/language:javascript-typescript,TypeScript,package/src/icons/ArrowRight.tsx,true
/language:javascript-typescript,TypeScript,package/src/types/types.ts,true
/language:javascript-typescript,TypeScript,package/src/store/mappers/mapReactionToStorable.ts,true
/language:javascript-typescript,TypeScript,package/src/components/MessageInput/hooks/useCooldown.ts,true
/language:javascript-typescript,TypeScript,package/src/icons/Check.tsx,true
/language:javascript-typescript,TypeScript,package/src/utils/patchMessageTextCommand.ts,true
/language:javascript-typescript,TypeScript,package/src/icons/MenuPointVertical.tsx,true
/language:javascript-typescript,TypeScript,package/src/icons/UserAdmin.tsx,true
/language:javascript-typescript,TypeScript,examples/SampleApp/src/hooks/useChannelMembersStatus.ts,true
/language:javascript-typescript,TypeScript,examples/SampleApp/src/components/BottomSheetOverlay.tsx,true
/language:javascript-typescript,TypeScript,package/src/store/constants.ts,true
/language:javascript-typescript,TypeScript,package/src/components/MessageList/__tests__/useMessageList.test.tsx,true
/language:javascript-typescript,TypeScript,package/src/components/Attachment/VideoThumbnail.tsx,true
/language:javascript-typescript,TypeScript,package/src/icons/SendRight.tsx,true
/language:javascript-typescript,TypeScript,package/src/components/MessageList/InlineLoadingMoreRecentIndicator.tsx,true
/language:javascript-typescript,TypeScript,package/src/components/MessageInput/__tests__/AudioAttachmentUploadPreviewExpo.test.tsx,true
/language:javascript-typescript,TypeScript,package/src/icons/Logo.tsx,true
/language:javascript-typescript,TypeScript,examples/SampleApp/src/screens/MenuDrawer.tsx,true
/language:javascript-typescript,TypeScript,package/expo-package/src/optionalDependencies/index.ts,true
/language:javascript-typescript,TypeScript,examples/SampleApp/src/icons/File.tsx,true
/language:javascript-typescript,TypeScript,examples/ExpoMessaging/components/AuthProgressLoader.tsx,true
/language:javascript-typescript,TypeScript,package/src/store/apis/index.ts,true
/language:javascript-typescript,TypeScript,package/src/components/Channel/hooks/useCreateInputMessageInputContext.ts,true
/language:javascript-typescript,TypeScript,package/src/components/Attachment/ImageReloadIndicator.tsx,true
/language:javascript-typescript,TypeScript,package/expo-package/src/handlers/getLocalAssetUri.ts,true
/language:javascript-typescript,TypeScript,package/src/components/Attachment/ImageLoadingIndicator.tsx,true
/language:javascript-typescript,TypeScript,package/src/icons/PPT.tsx,true
/language:javascript-typescript,TypeScript,examples/SampleApp/src/utils/streamTheme.ts,true
/language:javascript-typescript,TypeScript,package/src/components/ImageGallery/__tests__/AnimatedVideoGallery.test.tsx,true
/language:javascript-typescript,TypeScript,package/src/store/apis/queries/selectChannelIdsForFilterSort.ts,true
/language:javascript-typescript,TypeScript,package/src/store/apis/deletePendingTask.ts,true
/language:javascript-typescript,TypeScript,package/src/components/Chat/hooks/__tests__/useAppSettings.test.tsx,true
/language:javascript-typescript,TypeScript,package/src/components/ChannelPreview/ChannelPreviewStatus.tsx,true
/language:javascript-typescript,TypeScript,package/src/hooks/__tests__/useAppStateListener.test.tsx,true
/language:javascript-typescript,TypeScript,package/src/components/MessageList/utils/getLastReceivedMessage.ts,true
/language:javascript-typescript,TypeScript,package/src/components/ImageGallery/__tests__/ImageGalleryOverlay.test.tsx,true
/language:javascript-typescript,TypeScript,package/src/components/MessageInput/hooks/useCountdown.ts,true
/language:javascript-typescript,TypeScript,package/src/contexts/messageInputContext/__tests__/uploadFile.test.tsx,true
/language:javascript-typescript,TypeScript,package/src/components/Attachment/Attachment.tsx,true
/language:javascript-typescript,TypeScript,package/src/icons/ThreadReply.tsx,true
/language:javascript-typescript,TypeScript,examples/SampleApp/src/components/ChatScreenHeader.tsx,true
/language:javascript-typescript,TypeScript,package/src/components/Attachment/FileIcon.tsx,true
/language:javascript-typescript,TypeScript,package/src/icons/PPTX.tsx,true
/language:javascript-typescript,TypeScript,package/native-package/src/optionalDependencies/triggerHaptic.ts,true
/language:javascript-typescript,TypeScript,examples/SampleApp/src/icons/Picture.tsx,true
/language:javascript-typescript,TypeScript,package/src/utils/Streami18n.ts,true
/language:javascript-typescript,TypeScript,package/src/store/apis/queries/selectChannels.ts,true
/language:javascript-typescript,TypeScript,package/src/store/apis/deleteReactions.ts,true
/language:javascript-typescript,TypeScript,package/src/store/mappers/mapDateTimeToStorable.ts,true
/language:javascript-typescript,TypeScript,package/src/icons/index.ts,true
/language:javascript-typescript,TypeScript,package/src/mock-builders/api/channelMocks.tsx,true
/language:javascript-typescript,TypeScript,package/src/components/Attachment/Card.tsx,true
/language:javascript-typescript,TypeScript,package/src/components/Attachment/Giphy.tsx,true
/language:javascript-typescript,TypeScript,package/src/icons/Attach.tsx,true
/language:javascript-typescript,TypeScript,package/src/icons/SendUp.tsx,true
/language:javascript-typescript,TypeScript,package/src/components/MessageOverlay/hooks/useMessageActionAnimation.tsx,true
/language:javascript-typescript,TypeScript,package/src/store/mappers/mapStorableToUser.ts,true
/language:javascript-typescript,TypeScript,package/src/store/sqlite-utils/printRow.ts,true
/language:javascript-typescript,TypeScript,package/src/components/ImageGallery/components/AnimatedGalleryImage.tsx,true
/language:javascript-typescript,TypeScript,package/src/components/Attachment/utils/buildGallery/buildGalleryOfThreeImages.ts,true
/language:javascript-typescript,TypeScript,package/src/icons/Eye.tsx,true
/language:javascript-typescript,TypeScript,examples/SampleApp/src/utils/streami18n.ts,true
/language:javascript-typescript,TypeScript,package/src/hooks/__tests__/useTranslatedMessage.test.tsx,true
/language:javascript-typescript,TypeScript,package/src/components/ImageGallery/__tests__/ImageGalleryVideoControl.test.tsx,true
/language:javascript-typescript,TypeScript,package/src/icons/Close.tsx,true
/language:javascript-typescript,TypeScript,package/src/utils/StreamChatRN.ts,true
/language:javascript-typescript,TypeScript,package/src/contexts/messageInputContext/__tests__/MessageInputContext.test.tsx,true
/language:javascript-typescript,TypeScript,package/src/contexts/messageInputContext/__tests__/sendMessage.test.tsx,true
/language:javascript-typescript,TypeScript,examples/TypeScriptMessaging/__tests__/App-test.tsx,true
/language:javascript-typescript,TypeScript,package/src/contexts/messageInputContext/__tests__/sendMessageAsync.test.tsx,true
/language:javascript-typescript,TypeScript,package/src/contexts/themeContext/ThemeContext.tsx,true
/language:javascript-typescript,TypeScript,package/src/components/ImageGallery/components/ImageGrid.tsx,true
/language:javascript-typescript,TypeScript,package/src/components/ChannelList/Skeleton.tsx,true
/language:javascript-typescript,TypeScript,package/src/components/ChannelPreview/hooks/useLatestMessagePreview.ts,true
/language:javascript-typescript,TypeScript,package/src/components/Message/MessageSimple/MessageTextContainer.tsx,true
/language:javascript-typescript,TypeScript,package/src/components/ChannelList/ChannelListFooterLoadingIndicator.tsx,true
/language:javascript-typescript,TypeScript,package/src/components/ChannelList/ChannelList.tsx,true
/language:javascript-typescript,TypeScript,package/src/icons/Refresh.tsx,true
/language:javascript-typescript,TypeScript,package/src/mock-builders/DB/mock.ts,true
/language:javascript-typescript,TypeScript,package/src/utils/getUrlOfImageAttachment.ts,true
/language:javascript-typescript,TypeScript,package/src/hooks/useLoadingImage.tsx,true
/language:javascript-typescript,TypeScript,package/src/components/MessageList/hooks/useMessageList.ts,true
/language:javascript-typescript,TypeScript,package/src/components/ImageGallery/__tests__/ImageGalleryFooter.test.tsx,true
/language:javascript-typescript,TypeScript,package/src/components/Channel/hooks/useCreateMessagesContext.ts,true
/language:javascript-typescript,TypeScript,package/src/components/ChannelList/ChannelListLoadingIndicator.tsx,true
/language:javascript-typescript,TypeScript,examples/SampleApp/src/hooks/useStreamChatTheme.ts,true
/language:javascript-typescript,TypeScript,examples/SampleApp/src/icons/Search.tsx,true
/language:javascript-typescript,TypeScript,examples/SampleApp/src/screens/GroupChannelDetailsScreen.tsx,true
/language:javascript-typescript,TypeScript,examples/SampleApp/src/components/UserInfoOverlay.tsx,true
/language:javascript-typescript,TypeScript,package/src/contexts/messageInputContext/MessageInputContext.tsx,true
/language:javascript-typescript,TypeScript,package/src/store/apis/getChannels.ts,true
/language:javascript-typescript,TypeScript,package/src/components/MessageInput/components/InputGiphySearch.tsx,true
/language:javascript-typescript,TypeScript,examples/SampleApp/src/utils/getUserActivityStatus.ts,true
/language:javascript-typescript,TypeScript,package/src/components/KeyboardCompatibleView/KeyboardCompatibleViewFC.tsx,true
/language:javascript-typescript,TypeScript,package/src/icons/HTML.tsx,true
/language:javascript-typescript,TypeScript,examples/SampleApp/App.tsx,true
/language:javascript-typescript,TypeScript,examples/ExpoMessaging/app/_layout.tsx,true
/language:javascript-typescript,TypeScript,package/src/native.ts,true
/language:javascript-typescript,TypeScript,package/src/components/AttachmentPicker/components/AttachmentSelectionBar.tsx,true
/language:javascript-typescript,TypeScript,package/src/components/Thread/Thread.tsx,true
/language:javascript-typescript,TypeScript,package/src/components/AutoCompleteInput/AutoCompleteSuggestionItem.tsx,true
/language:javascript-typescript,TypeScript,package/src/store/apis/getAllChannelIds.ts,true
/language:javascript-typescript,TypeScript,package/src/store/mappers/mapStorableToRead.ts,true
/language:javascript-typescript,TypeScript,package/src/components/AttachmentPicker/components/AttachmentPickerError.tsx,true
/language:javascript-typescript,TypeScript,package/src/components/ChannelPreview/ChannelPreviewTitle.tsx,true
/language:javascript-typescript,TypeScript,package/src/components/MessageInput/SendButton.tsx,true
/language:javascript-typescript,TypeScript,package/src/icons/Notification.tsx,true
/language:javascript-typescript,TypeScript,package/src/icons/Time.tsx,true
/language:javascript-typescript,TypeScript,package/src/store/sqlite-utils/appendWhereCluase.ts,true
/language:javascript-typescript,TypeScript,package/src/components/AttachmentPicker/AttachmentPicker.tsx,true
/language:javascript-typescript,TypeScript,package/src/components/Chat/Chat.tsx,true
/language:javascript-typescript,TypeScript,package/src/components/Indicators/LoadingIndicator.tsx,true
/language:javascript-typescript,TypeScript,package/src/components/MessageList/hooks/useTypingString.ts,true
/language:javascript-typescript,TypeScript,package/src/components/Message/MessageSimple/MessageReplies.tsx,true
/language:javascript-typescript,TypeScript,package/src/icons/UserAdd.tsx,true
/language:javascript-typescript,TypeScript,package/expo-package/src/handlers/compressImage.ts,true
/language:javascript-typescript,TypeScript,package/src/store/apis/upsertReads.ts,true
/language:javascript-typescript,TypeScript,package/src/icons/ZIP.tsx,true
/language:javascript-typescript,TypeScript,package/src/components/Attachment/__tests__/openUrlSafely.test.ts,true
/language:javascript-typescript,TypeScript,package/src/components/ChannelList/ChannelListMessenger.tsx,true
/language:javascript-typescript,TypeScript,package/src/icons/Flag.tsx,true
/language:javascript-typescript,TypeScript,package/src/utils/date.ts,true
/language:javascript-typescript,TypeScript,package/src/contexts/messageOverlayContext/MessageOverlayContext.tsx,true
/language:javascript-typescript,TypeScript,package/src/contexts/keyboardContext/KeyboardContext.tsx,true
/language:javascript-typescript,TypeScript,package/src/components/Message/MessageSimple/utils/parseLinks.ts,true
/language:javascript-typescript,TypeScript,examples/SampleApp/src/hooks/usePaginatedAttachments.ts,true
/language:javascript-typescript,TypeScript,examples/SampleApp/src/icons/User.tsx,true
/language:javascript-typescript,TypeScript,examples/ExpoMessaging/useStreamChatTheme.ts,true
/language:javascript-typescript,TypeScript,package/src/contexts/suggestionsContext/SuggestionsContext.tsx,true
/language:javascript-typescript,TypeScript,package/src/index.ts,true
/language:javascript-typescript,TypeScript,package/src/store/mappers/mapStorableToChannel.ts,true
/language:javascript-typescript,TypeScript,package/src/icons/RAR.tsx,true
/language:javascript-typescript,TypeScript,examples/SampleApp/src/components/NetworkDownIndicator.tsx,true
/language:javascript-typescript,TypeScript,package/src/components/ImageGallery/__tests__/ImageGallery.test.tsx,true
/language:javascript-typescript,TypeScript,package/src/icons/UserMinus.tsx,true
/language:javascript-typescript,TypeScript,package/src/mock-builders/api/sendReaction.ts,true
/language:javascript-typescript,TypeScript,examples/SampleApp/src/screens/MentionsScreen.tsx,true
/language:javascript-typescript,TypeScript,package/src/icons/UserDelete.tsx,true
/language:javascript-typescript,TypeScript,package/src/icons/Play.tsx,true
/language:javascript-typescript,TypeScript,package/native-package/src/optionalDependencies/setClipboardString.ts,true
/language:javascript-typescript,TypeScript,examples/ExpoMessaging/app/index.tsx,true
/language:javascript-typescript,TypeScript,package/src/utils/__tests__/patchMessageTextCommand.test.ts,true
/language:javascript-typescript,TypeScript,package/src/components/Chat/hooks/useCreateChatContext.ts,true
/language:javascript-typescript,TypeScript,package/src/components/Chat/hooks/useSyncDatabase.ts,true
/language:javascript-typescript,TypeScript,package/src/components/MessageList/utils/filterTypingUsers.ts,true
/language:javascript-typescript,TypeScript,package/src/contexts/messageOverlayContext/hooks/useResettableState.test.tsx,true
/language:javascript-typescript,TypeScript,package/src/components/MessageInput/UploadProgressIndicator.tsx,true
/language:javascript-typescript,TypeScript,package/expo-package/src/handlers/Sound.ts,true
/language:javascript-typescript,TypeScript,package/src/emoji-data/emojiNames.ts,true
/language:javascript-typescript,TypeScript,package/src/components/MessageList/DateHeader.tsx,true
/language:javascript-typescript,TypeScript,package/src/components/MessageInput/__tests__/AudioAttachmentUploadPreviewNative.test.tsx,true
/language:javascript-typescript,TypeScript,examples/SampleApp/src/screens/AdvancedUserSelectorScreen.tsx,true
/language:javascript-typescript,TypeScript,package/src/components/ProgressControl/ProgressControl.tsx,true
/language:javascript-typescript,TypeScript,package/src/components/Channel/hooks/useCreateChannelContext.ts,true
/language:javascript-typescript,TypeScript,package/src/components/Message/MessageSimple/MessageStatus.tsx,true
/language:javascript-typescript,TypeScript,examples/SampleApp/__tests__/App-test.tsx,true
/language:javascript-typescript,TypeScript,package/src/store/apis/deleteMessagesForChannel.ts,true
/language:javascript-typescript,TypeScript,examples/SampleApp/src/screens/LoadingScreen.tsx,true
/language:javascript-typescript,TypeScript,examples/ExpoMessaging/components/ChatWrapper.tsx,true
/language:javascript-typescript,TypeScript,package/src/components/ChannelList/hooks/listeners/useChannelTruncated.ts,true
/language:javascript-typescript,TypeScript,package/src/icons/Folder.tsx,true
/language:javascript-typescript,TypeScript,examples/SampleApp/src/screens/ChannelFilesScreen.tsx,true
/language:javascript-typescript,TypeScript,package/src/store/mappers/mapStorableToMember.ts,true
/language:javascript-typescript,TypeScript,package/src/store/sqlite-utils/__tests__/createSelectQuery.test.ts,true
/language:javascript-typescript,TypeScript,package/src/components/MessageList/InlineLoadingMoreThreadIndicator.tsx,true
/language:javascript-typescript,TypeScript,package/src/components/AutoCompleteInput/AutoCompleteSuggestionCommandIcon.tsx,true
/language:javascript-typescript,TypeScript,package/src/icons/PinHeader.tsx,true
/language:javascript-typescript,TypeScript,package/native-package/src/handlers/getLocalAssetUri.ts,true
/language:javascript-typescript,TypeScript,package/src/icons/XLS.tsx,true
/language:javascript-typescript,TypeScript,examples/SampleApp/src/icons/Notification.tsx,true
/language:javascript-typescript,TypeScript,examples/SampleApp/src/components/ScreenHeader.tsx,true
/language:javascript-typescript,TypeScript,package/src/store/sqlite-utils/createUpdateQuery.ts,true
/language:javascript-typescript,TypeScript,package/src/components/Channel/hooks/useCreateTypingContext.ts,true
/language:javascript-typescript,TypeScript,package/src/components/ChannelList/ChannelListHeaderErrorIndicator.tsx,true
/language:javascript-typescript,TypeScript,package/src/components/MessageOverlay/MessageOverlay.tsx,true
/language:javascript-typescript,TypeScript,package/src/emoji-data/emojis.ts,true
/language:javascript-typescript,TypeScript,package/src/icons/Search.tsx,true
/language:javascript-typescript,TypeScript,examples/SampleApp/src/hooks/usePaginatedSearchedMessages.ts,true
/language:javascript-typescript,TypeScript,package/src/components/Message/hooks/useMessageActionHandlers.ts,true
/language:javascript-typescript,TypeScript,package/src/icons/Error.tsx,true
/language:javascript-typescript,TypeScript,package/native-package/src/handlers/index.ts,true
/language:javascript-typescript,TypeScript,examples/SampleApp/src/hooks/usePaginatedUsers.ts,true
/language:javascript-typescript,TypeScript,package/src/contexts/channelContext/ChannelContext.tsx,true
/language:javascript-typescript,TypeScript,package/src/store/apis/utils/convertFilterSortToQuery.ts,true
/language:javascript-typescript,TypeScript,package/src/store/apis/updateReaction.ts,true
/language:javascript-typescript,TypeScript,package/src/components/Channel/hooks/useCreateOwnCapabilitiesContext.ts,true
/language:javascript-typescript,TypeScript,examples/SampleApp/src/screens/ChannelListScreen.tsx,true
/language:javascript-typescript,TypeScript,package/src/components/Message/MessageSimple/MessageDeleted.tsx,true
/language:javascript-typescript,TypeScript,package/src/components/Attachment/GalleryImage.tsx,true
/language:javascript-typescript,TypeScript,package/src/store/apis/getChannelMessages.ts,true
/language:javascript-typescript,TypeScript,package/src/store/mappers/mapMemberToStorable.ts,true
/language:javascript-typescript,TypeScript,package/src/components/ChannelPreview/hooks/__tests__/useChannelPreviewDisplayName.test.tsx,true
/language:javascript-typescript,TypeScript,package/src/components/Message/MessageSimple/MessageContent.tsx,true
/language:javascript-typescript,TypeScript,examples/SampleApp/src/components/AddMemberBottomSheet.tsx,true
/language:javascript-typescript,TypeScript,package/src/components/MessageList/NetworkDownIndicator.tsx,true
/language:javascript-typescript,TypeScript,package/src/components/Attachment/utils/buildGallery/buildThumbnail.ts,true
/language:javascript-typescript,TypeScript,package/src/icons/ODT.tsx,true
/language:javascript-typescript,TypeScript,package/native-package/src/handlers/deleteFile.ts,true
/language:javascript-typescript,TypeScript,package/src/icons/Lightning.tsx,true
/language:javascript-typescript,TypeScript,package/src/components/MessageInput/ImageUploadPreview.tsx,true
/language:javascript-typescript,TypeScript,package/src/components/Attachment/FileAttachmentGroup.tsx,true
/language:javascript-typescript,TypeScript,package/src/components/Attachment/utils/buildGallery/buildGalleryOfSingleImage.ts,true
/language:javascript-typescript,TypeScript,package/src/icons/ShareRightArrow.tsx,true
/language:javascript-typescript,TypeScript,package/src/store/apis/queries/selectReactionsForMessages.ts,true
/language:javascript-typescript,TypeScript,package/src/components/ImageGallery/components/__tests__/ImageGalleryHeader.test.tsx,true
/language:javascript-typescript,TypeScript,package/src/icons/TAR.tsx,true
/language:javascript-typescript,TypeScript,package/native-package/src/handlers/compressImage.ts,true
/language:javascript-typescript,TypeScript,package/src/icons/Smile.tsx,true
/language:javascript-typescript,TypeScript,examples/SampleApp/src/icons/Message.tsx,true
/language:javascript-typescript,TypeScript,package/src/components/ChannelList/hooks/listeners/useChannelVisible.ts,true
/language:javascript-typescript,TypeScript,examples/SampleApp/src/icons/Pin.tsx,true
/language:javascript-typescript,TypeScript,examples/SampleApp/src/icons/MentionsTab.tsx,true
/language:javascript-typescript,TypeScript,package/src/hooks/index.ts,true
/language:javascript-typescript,TypeScript,package/src/components/AttachmentPicker/components/ImageSelectorIcon.tsx,true
/language:javascript-typescript,TypeScript,package/src/components/Message/MessageSimple/__tests__/MessageTextContainer.test.tsx,true
/language:javascript-typescript,TypeScript,package/src/components/ChannelList/ChannelListHeaderNetworkDownIndicator.tsx,true
/language:javascript-typescript,TypeScript,examples/SampleApp/src/icons/Contacts.tsx,true
/language:javascript-typescript,TypeScript,package/src/components/ImageGallery/components/ImageGalleryVideoControl.tsx,true
/language:javascript-typescript,TypeScript,package/src/components/Message/MessageSimple/utils/renderText.tsx,true
/language:javascript-typescript,TypeScript,package/src/icons/SEVEN_Z.tsx,true
/language:javascript-typescript,TypeScript,package/expo-package/src/optionalDependencies/Video.ts,true
/language:javascript-typescript,TypeScript,package/src/components/Indicators/LoadingErrorIndicator.tsx,true
/language:javascript-typescript,TypeScript,package/src/components/AutoCompleteInput/AutoCompleteSuggestionList.tsx,true
/language:javascript-typescript,TypeScript,package/src/components/Thread/components/ThreadFooterComponent.tsx,true
/language:javascript-typescript,TypeScript,package/src/icons/Mute.tsx,true
/language:javascript-typescript,TypeScript,package/src/icons/XLSX.tsx,true
/language:javascript-typescript,TypeScript,package/src/components/MessageList/utils/__tests__/getDateSeparators.test.ts,true
/language:javascript-typescript,TypeScript,package/src/components/ImageGallery/ImageGallery.tsx,true
/language:javascript-typescript,TypeScript,package/src/icons/CirclePlus.tsx,true
/language:javascript-typescript,TypeScript,package/src/icons/CheckSend.tsx,true
/language:javascript-typescript,TypeScript,package/expo-package/src/handlers/oniOS14GalleryLibrarySelectionChange.ts,true
/language:javascript-typescript,TypeScript,examples/SampleApp/src/icons/NewDirectMessageIcon.tsx,true
/language:javascript-typescript,TypeScript,package/src/hooks/useIsMountedRef.ts,true
/language:javascript-typescript,TypeScript,package/src/contexts/messageInputContext/__tests__/updateMessage.test.tsx,true
/language:javascript-typescript,TypeScript,package/src/components/ImageGallery/components/ImageGridHandle.tsx,true
/language:javascript-typescript,TypeScript,package/src/components/MessageInput/ShowThreadMessageInChannelButton.tsx,true
/language:javascript-typescript,TypeScript,examples/SampleApp/src/screens/ChatScreen.tsx,true
/language:javascript-typescript,TypeScript,examples/SampleApp/src/components/ConfirmationBottomSheet.tsx,true
/language:javascript-typescript,TypeScript,package/src/contexts/messagesContext/MessagesContext.tsx,true
/language:javascript-typescript,TypeScript,package/src/store/apis/upsertChannelData.ts,true
/language:javascript-typescript,TypeScript,package/src/icons/Unpin.tsx,true
/language:javascript-typescript,TypeScript,examples/SampleApp/src/components/UserSearch/UserGridItem.tsx,true
/language:javascript-typescript,TypeScript,examples/SampleApp/src/icons/RightArrow.tsx,true
/language:javascript-typescript,TypeScript,examples/SampleApp/src/screens/ChannelImagesScreen.tsx,true
/language:javascript-typescript,TypeScript,package/src/contexts/translationContext/TranslationContext.tsx,true
/language:javascript-typescript,TypeScript,package/src/components/MessageInput/InputButtons.tsx,true
/language:javascript-typescript,TypeScript,package/src/components/Spinner/Spinner.tsx,true
/language:javascript-typescript,TypeScript,package/src/components/Reply/Reply.tsx,true
/language:javascript-typescript,TypeScript,package/src/contexts/activeChannelsRefContext/ActiveChannelsRefContext.tsx,true
/language:javascript-typescript,TypeScript,package/src/store/apis/upsertMessages.ts,true
/language:javascript-typescript,TypeScript,package/src/components/ChannelPreview/ChannelPreview.tsx,true
/language:javascript-typescript,TypeScript,package/src/icons/MenuPointHorizontal.tsx,true
/language:javascript-typescript,TypeScript,examples/SampleApp/src/icons/EmptySearchState.tsx,true
/language:javascript-typescript,TypeScript,examples/SampleApp/src/utils/RootNavigation.ts,true
/language:javascript-typescript,TypeScript,package/src/contexts/messageInputContext/__tests__/removeImage.test.tsx,true
/language:javascript-typescript,TypeScript,package/src/components/ChannelPreview/ChannelPreviewMessenger.tsx,true
/language:javascript-typescript,TypeScript,package/src/components/ChannelList/hooks/usePaginatedChannels.ts,true
/language:javascript-typescript,TypeScript,package/src/icons/WutReaction.tsx,true
/language:javascript-typescript,TypeScript,package/src/components/Message/hooks/useMessageActions.tsx,true
/language:javascript-typescript,TypeScript,package/src/components/ChannelList/hooks/listeners/useNewMessage.ts,true
/language:javascript-typescript,TypeScript,package/src/components/MessageOverlay/OverlayReactionsAvatar.tsx,true
/language:javascript-typescript,TypeScript,package/src/icons/ThumbsDownReaction.tsx,true
/language:javascript-typescript,TypeScript,package/src/contexts/paginatedMessageListContext/PaginatedMessageListContext.tsx,true
/language:javascript-typescript,TypeScript,package/src/contexts/chatContext/ChatContext.tsx,true
/language:javascript-typescript,TypeScript,package/src/store/apis/getChannelsForFilterSort.ts,true
/language:javascript-typescript,TypeScript,package/src/components/Indicators/LoadingDot.tsx,true
/language:javascript-typescript,TypeScript,package/src/icons/Share.tsx,true
/language:javascript-typescript,TypeScript,package/src/icons/CircleRight.tsx,true
/language:javascript-typescript,TypeScript,examples/SampleApp/src/screens/SharedGroupsScreen.tsx,true
/language:javascript-typescript,TypeScript,package/src/utils/utils.ts,true
/language:javascript-typescript,TypeScript,package/src/store/apis/upsertMembers.ts,true
/language:javascript-typescript,TypeScript,package/expo-package/src/handlers/index.ts,true
/language:javascript-typescript,TypeScript,examples/SampleApp/src/icons/GoBack.tsx,true
/language:javascript-typescript,TypeScript,package/src/store/apis/queries/selectReadsForChannels.ts,true
/language:javascript-typescript,TypeScript,package/src/components/Channel/hooks/useCreateThreadContext.ts,true
/language:javascript-typescript,TypeScript,package/src/icons/MessageIcon.tsx,true
/language:javascript-typescript,TypeScript,package/src/icons/DownloadCloud.tsx,true
/language:javascript-typescript,TypeScript,package/src/components/MessageList/TypingIndicator.tsx,true
/language:javascript-typescript,TypeScript,package/src/components/Message/MessageSimple/MessageFooter.tsx,true
/language:javascript-typescript,TypeScript,examples/SampleApp/src/utils/MockDataService.ts,true
/language:javascript-typescript,TypeScript,package/src/components/AttachmentPicker/components/ImageOverlaySelectedComponent.tsx,true
/language:javascript-typescript,TypeScript,package/src/components/ChannelList/hooks/listeners/useChannelUpdated.ts,true
/language:javascript-typescript,TypeScript,package/src/components/MessageOverlay/OverlayReactions.tsx,true
/language:javascript-typescript,TypeScript,examples/SampleApp/src/icons/NewGroupIcon.tsx,true
/language:javascript-typescript,TypeScript,package/src/components/Message/MessageSimple/MessagePinnedHeader.tsx,true
/language:javascript-typescript,TypeScript,package/src/components/ChannelList/hooks/listeners/useUserPresence.ts,true
/language:javascript-typescript,TypeScript,package/src/icons/Picture.tsx,true
/language:javascript-typescript,TypeScript,examples/SampleApp/src/icons/BlockUser.tsx,true
/language:javascript-typescript,TypeScript,package/src/components/ImageGallery/__tests__/ImageGalleryGridHandle.test.tsx,true
/language:javascript-typescript,TypeScript,package/src/components/Avatar/GroupAvatar.tsx,true
/language:javascript-typescript,TypeScript,examples/SampleApp/src/icons/AddUser.tsx,true
/language:javascript-typescript,TypeScript,examples/SampleApp/src/components/BottomTabs.tsx,true
/language:javascript-typescript,TypeScript,package/src/components/KeyboardCompatibleView/KeyboardCompatibleView.tsx,true
/language:javascript-typescript,TypeScript,package/expo-package/src/handlers/deleteFile.ts,true
/language:javascript-typescript,TypeScript,package/native-package/src/optionalDependencies/pickDocument.ts,true
/language:javascript-typescript,TypeScript,examples/SampleApp/src/icons/ChatsTab.tsx,true
/language:javascript-typescript,TypeScript,package/src/components/ChannelList/hooks/listeners/useChannelHidden.ts,true
/language:javascript-typescript,TypeScript,package/src/icons/Camera.tsx,true
/language:javascript-typescript,TypeScript,package/native-package/src/handlers/Video.tsx,true
/language:javascript-typescript,TypeScript,package/src/store/apis/addPendingTask.ts,true
/language:javascript-typescript,TypeScript,package/src/components/ChannelList/hooks/listeners/useRemovedFromChannelNotification.ts,true
/language:javascript-typescript,TypeScript,examples/SampleApp/src/context/UserInfoOverlayContext.tsx,true
/language:javascript-typescript,TypeScript,examples/SampleApp/src/screens/NewDirectMessagingScreen.tsx,true
/language:javascript-typescript,TypeScript,package/src/utils/removeReservedFields.ts,true
/language:javascript-typescript,TypeScript,package/src/components/ChannelPreview/hooks/useChannelPreviewDisplayPresence.ts,true
/language:javascript-typescript,TypeScript,package/src/components/ImageGallery/__tests__/ImageGalleryHeader.test.tsx,true
/language:javascript-typescript,TypeScript,package/expo-package/src/optionalDependencies/pickDocument.ts,true
/language:javascript-typescript,TypeScript,package/src/store/apis/deleteChannel.ts,true
/language:javascript-typescript,TypeScript,package/src/components/ChannelPreview/ChannelPreviewMutedStatus.tsx,true
/language:javascript-typescript,TypeScript,package/src/icons/TXT.tsx,true
/language:javascript-typescript,TypeScript,package/src/icons/ThumbsUpReaction.tsx,true
/language:javascript-typescript,TypeScript,package/src/contexts/messageContext/MessageContext.tsx,true
/language:javascript-typescript,TypeScript,package/src/components/AttachmentPicker/components/AttachmentPickerBottomSheetHandle.tsx,true
/language:javascript-typescript,TypeScript,package/src/components/MessageInput/SendMessageDisallowedIndicator.tsx,true
/language:javascript-typescript,TypeScript,package/src/components/Attachment/Gallery.tsx,true
/language:javascript-typescript,TypeScript,package/src/contexts/messageInputContext/__tests__/uploadImage.test.tsx,true
/language:javascript-typescript,TypeScript,package/src/icons/DOC.tsx,true
/language:javascript-typescript,TypeScript,package/native-package/src/handlers/oniOS14GalleryLibrarySelectionChange.ts,true
/language:javascript-typescript,TypeScript,package/native-package/types/index.d.ts,true
/language:javascript-typescript,TypeScript,examples/SampleApp/src/icons/CheckSend.tsx,true
/language:javascript-typescript,TypeScript,examples/ExpoMessaging/constants.ts,true
/language:javascript-typescript,TypeScript,package/src/components/ImageGallery/components/ImageGalleryOverlay.tsx,true
/language:javascript-typescript,TypeScript,package/src/components/Message/MessageSimple/MessageAvatar.tsx,true
/language:javascript-typescript,TypeScript,package/src/components/ChannelList/hooks/listeners/__tests__/useChannelUpdated.test.tsx,true
/language:javascript-typescript,TypeScript,package/native-package/src/optionalDependencies/shareImage.ts,true
/language:javascript-typescript,TypeScript,package/src/components/Chat/hooks/useMutedUsers.ts,true
/language:javascript-typescript,TypeScript,package/src/components/MessageList/InlineUnreadIndicator.tsx,true
/language:javascript-typescript,TypeScript,package/src/components/Message/MessageSimple/utils/renderText.test.tsx,true
/language:javascript-typescript,TypeScript,package/expo-package/src/optionalDependencies/setClipboardString.ts,true
/language:javascript-typescript,TypeScript,examples/TypeScriptMessaging/App.tsx,true
/language:javascript-typescript,TypeScript,package/src/contexts/messageInputContext/__tests__/pickFile.test.tsx,true
/language:javascript-typescript,TypeScript,package/src/store/sqlite-utils/createUpsertQuery.ts,true
/language:javascript-typescript,TypeScript,package/src/components/index.ts,true
/language:javascript-typescript,TypeScript,package/src/components/MessageList/utils/getReadStates.ts,true
/language:javascript-typescript,TypeScript,examples/TypeScriptMessaging/useStreamChatTheme.ts,true
/language:javascript-typescript,TypeScript,package/src/store/apis/deleteReaction.ts,true
/language:javascript-typescript,TypeScript,package/src/store/sqlite-utils/appendOrderByClause.ts,true
/language:javascript-typescript,TypeScript,examples/ExpoMessaging/hooks/useChatClient.tsx,true
/language:javascript-typescript,TypeScript,package/src/components/Message/Message.tsx,true
/language:javascript-typescript,TypeScript,package/src/components/Attachment/AudioAttachment.tsx,true
/language:javascript-typescript,TypeScript,examples/SampleApp/src/screens/ThreadScreen.tsx,true
/language:javascript-typescript,TypeScript,examples/ExpoMessaging/app/channel/[cid]/thread/[cid]/index.tsx,true
/language:javascript-typescript,TypeScript,package/src/contexts/messageInputContext/__tests__/useMessageDetailsForState.test.tsx,true
/language:javascript-typescript,TypeScript,package/src/store/types.ts,true
/language:javascript-typescript,TypeScript,package/src/components/MessageList/MessageSystem.tsx,true
/language:javascript-typescript,TypeScript,package/src/components/MessageInput/MoreOptionsButton.tsx,true
/language:javascript-typescript,TypeScript,examples/SampleApp/src/hooks/useChatClient.ts,true
/language:javascript-typescript,TypeScript,examples/SampleApp/src/icons/GoForward.tsx,true
/language:javascript-typescript,TypeScript,package/src/store/sqlite-utils/createDeleteQuery.ts,true
/language:javascript-typescript,TypeScript,package/src/components/MessageList/InlineDateSeparator.tsx,true
/language:javascript-typescript,TypeScript,package/src/components/ImageGallery/components/ImageGalleryFooter.tsx,true
/language:javascript-typescript,TypeScript,package/src/icons/Grid.tsx,true
/language:javascript-typescript,TypeScript,package/src/components/Message/hooks/useCreateMessageContext.ts,true
/language:javascript-typescript,TypeScript,package/src/contexts/messageOverlayContext/hooks/useResettableState.ts,true
/language:javascript-typescript,TypeScript,package/src/contexts/channelsContext/ChannelsContext.tsx,true
/language:javascript-typescript,TypeScript,package/src/store/sqlite-utils/createSelectQuery.ts,true
/language:javascript-typescript,TypeScript,package/src/components/MessageList/TypingIndicatorContainer.tsx,true
/language:javascript-typescript,TypeScript,examples/SampleApp/src/screens/OneOnOneChannelDetailScreen.tsx,true
/language:javascript-typescript,TypeScript,package/src/store/apis/getReads.ts,true
/language:javascript-typescript,TypeScript,package/src/components/Attachment/utils/buildGallery/buildThumbnailGrid.ts,true
/language:javascript-typescript,TypeScript,package/src/components/Avatar/Avatar.tsx,true
/language:javascript-typescript,TypeScript,examples/SampleApp/src/context/AppOverlayContext.tsx,true
/language:javascript-typescript,TypeScript,package/src/components/ChannelPreview/hooks/useChannelPreviewDisplayName.ts,true
/language:javascript-typescript,TypeScript,package/src/store/sqlite-utils/createCreateTableQuery.ts,true
/language:javascript-typescript,TypeScript,examples/SampleApp/src/icons/CircleClose.tsx,true
/language:javascript-typescript,TypeScript,package/src/components/Attachment/ImageLoadingFailedIndicator.tsx,true
/language:javascript-typescript,TypeScript,package/src/icons/User.tsx,true
/language:javascript-typescript,TypeScript,package/src/contexts/overlayContext/OverlayProvider.tsx,true
/language:javascript-typescript,TypeScript,package/src/components/MessageList/MessageList.tsx,true
/language:javascript-typescript,TypeScript,package/src/components/MessageList/ScrollToBottomButton.tsx,true
/language:javascript-typescript,TypeScript,package/src/components/ChannelList/hooks/listeners/useChannelDeleted.ts,true
/language:javascript-typescript,TypeScript,package/src/components/MessageOverlay/OverlayReactionList.tsx,true
/language:javascript-typescript,TypeScript,examples/SampleApp/src/context/ChannelInfoOverlayContext.tsx,true
/language:javascript-typescript,TypeScript,package/src/icons/Imgur.tsx,true
/language:javascript-typescript,TypeScript,examples/ExpoMessaging/types.ts,true
/language:javascript-typescript,TypeScript,package/src/store/apis/deleteMember.ts,true
/language:javascript-typescript,TypeScript,examples/SampleApp/src/icons/StreamLogo.tsx,true
/language:javascript-typescript,TypeScript,package/src/contexts/utils/isTestEnvironment.ts,true
/language:javascript-typescript,TypeScript,package/src/components/AutoCompleteInput/AutoCompleteInput.tsx,true
/language:javascript-typescript,TypeScript,package/src/components/MessageInput/AttachButton.tsx,true
/language:javascript-typescript,TypeScript,package/src/components/MessageInput/CommandsButton.tsx,true
/language:javascript-typescript,TypeScript,package/src/components/Message/MessageSimple/MessageSimple.tsx,true
/language:javascript-typescript,TypeScript,package/src/icons/utils/base.tsx,true
/language:javascript-typescript,TypeScript,examples/SampleApp/src/components/RoundButton.tsx,true
/language:javascript-typescript,TypeScript,package/src/store/mappers/mapChannelDataToStorable.ts,true
/language:javascript-typescript,TypeScript,package/src/icons/AtMentions.tsx,true
/language:javascript-typescript,TypeScript,package/native-package/src/handlers/takePhoto.ts,true
/language:javascript-typescript,TypeScript,examples/SampleApp/src/utils/constants.ts,true
/language:javascript-typescript,TypeScript,package/src/components/MessageOverlay/MessageActionListItem.tsx,true
/language:javascript-typescript,TypeScript,examples/SampleApp/src/screens/UserSelectorScreen.tsx,true
/language:javascript-typescript,TypeScript,package/src/utils/__tests__/getResizedImageUrl.test.ts,true
/language:javascript-typescript,TypeScript,package/src/store/apis/upsertChannels.ts,true
/language:javascript-typescript,TypeScript,package/src/store/mappers/mapStorableToTask.ts,true
/language:javascript-typescript,TypeScript,package/src/components/MessageList/utils/getGroupStyles.ts,true
/language:javascript-typescript,TypeScript,examples/SampleApp/src/context/AppContext.ts,true
/language:javascript-typescript,TypeScript,package/src/contexts/attachmentPickerContext/AttachmentPickerContext.tsx,true
/language:javascript-typescript,TypeScript,package/src/icons/CurveLineLeftUp.tsx,true
/language:javascript-typescript,TypeScript,package/src/icons/DOCX.tsx,true
/language:javascript-typescript,TypeScript,package/src/icons/CheckAll.tsx,true
/language:javascript-typescript,TypeScript,package/src/hooks/useTranslatedMessage.ts,true
/language:javascript-typescript,TypeScript,package/src/icons/Edit.tsx,true
/language:javascript-typescript,TypeScript,package/expo-package/src/handlers/Video.tsx,true
/language:javascript-typescript,TypeScript,examples/SampleApp/src/components/MessageSearch/MessageSearchList.tsx,true
/language:javascript-typescript,TypeScript,package/src/store/apis/getMembers.ts,true
/language:javascript-typescript,TypeScript,package/src/store/apis/upsertAppSettings.ts,true
/language:javascript-typescript,TypeScript,package/expo-package/src/handlers/NetInfo.ts,true
/language:javascript-typescript,TypeScript,package/src/store/mappers/mapUserToStorable.ts,true
/language:javascript-typescript,TypeScript,package/src/components/MessageInput/MessageInput.tsx,true
/language:javascript-typescript,TypeScript,package/src/components/MessageInput/CooldownTimer.tsx,true
/language:javascript-typescript,TypeScript,package/src/hooks/useStreami18n.ts,true
/language:javascript-typescript,TypeScript,package/src/components/ImageGallery/__tests__/ImageGalleryGrid.test.tsx,true
/language:javascript-typescript,TypeScript,package/src/components/MessageOverlay/MessageActionList.tsx,true
/language:javascript-typescript,TypeScript,package/native-package/src/handlers/getPhotos.ts,true
/language:javascript-typescript,TypeScript,package/src/components/AttachmentPicker/components/AttachmentPickerErrorImage.tsx,true
/language:javascript-typescript,TypeScript,package/src/icons/Down.tsx,true
/language:javascript-typescript,TypeScript,package/src/components/ChannelPreview/hooks/useChannelPreviewDisplayAvatar.ts,true
/language:javascript-typescript,TypeScript,package/src/components/Message/MessageSimple/MessageRepliesAvatars.tsx,true
/language:javascript-typescript,TypeScript,package/src/utils/removeReactionFromLocalState.ts,true
/language:javascript-typescript,TypeScript,package/src/contexts/channelsStateContext/ChannelsStateContext.tsx,true
/language:javascript-typescript,TypeScript,package/src/store/schema.ts,true
/language:javascript-typescript,TypeScript,package/src/components/Channel/hooks/useTargetedMessage.ts,true
/language:javascript-typescript,TypeScript,examples/SampleApp/src/icons/Mute.tsx,true
/language:javascript-typescript,TypeScript,examples/SampleApp/src/screens/ChannelPinnedMessagesScreen.tsx,true
/language:javascript-typescript,TypeScript,package/src/icons/Pause.tsx,true
/language:javascript-typescript,TypeScript,package/src/mock-builders/api/getOrCreateChannel.ts,true
/language:javascript-typescript,TypeScript,examples/SampleApp/src/hooks/usePaginatedPinnedMessages.ts,true
/language:javascript-typescript,TypeScript,examples/ExpoMessaging/app/channel/[cid]/index.tsx,true
/language:javascript-typescript,TypeScript,package/src/contexts/messageInputContext/__tests__/isValidMessage.test.tsx,true
/language:javascript-typescript,TypeScript,package/src/store/QuickSqliteClient.ts,true
/language:javascript-typescript,TypeScript,package/src/components/ChannelPreview/hooks/__tests__/useLatestMessagePreview.test.tsx,true
/language:javascript-typescript,TypeScript,package/src/components/Message/MessageSimple/utils/parseLinks.test.ts,true
/language:javascript-typescript,TypeScript,package/src/utils/getResizedImageUrl.ts,true
/language:javascript-typescript,TypeScript,package/src/contexts/messageInputContext/hooks/useMessageDetailsForState.ts,true
/language:javascript-typescript,TypeScript,package/expo-package/src/optionalDependencies/shareImage.ts,true
/language:javascript-typescript,TypeScript,examples/SampleApp/src/screens/NewGroupChannelAddMemberScreen.tsx,true
/language:javascript-typescript,TypeScript,examples/SampleApp/src/icons/SignOut.tsx,true
/language:javascript-typescript,TypeScript,package/src/store/apis/updateMessage.ts,true
/language:javascript-typescript,TypeScript,package/src/components/AttachmentPicker/components/FileSelectorIcon.tsx,true
/language:javascript-typescript,TypeScript,package/expo-package/src/handlers/saveFile.ts,true
/language:javascript-typescript,TypeScript,package/expo-package/src/optionalDependencies/triggerHaptic.ts,true
/language:javascript-typescript,TypeScript,package/src/utils/addReactionToLocalState.ts,true
/language:javascript-typescript,TypeScript,package/src/components/ChannelPreview/ChannelAvatar.tsx,true
/language:javascript-typescript,TypeScript,package/expo-package/types/index.d.ts,true
/language:javascript-typescript,TypeScript,package/src/components/MessageOverlay/OverlayBackdrop.tsx,true
/language:javascript-typescript,TypeScript,package/src/icons/Loading.tsx,true
/language:javascript-typescript,TypeScript,examples/SampleApp/src/screens/ChannelScreen.tsx,true
/language:javascript-typescript,TypeScript,examples/ExpoMessaging/context/AppContext.tsx,true
/language:javascript-typescript,TypeScript,package/src/store/apis/insertReaction.ts,true
/language:javascript-typescript,TypeScript,package/src/store/mappers/mapMessageToStorable.ts,true
/language:javascript-typescript,TypeScript,package/src/components/ChannelPreview/ChannelPreviewUnreadCount.tsx,true
/language:javascript-typescript,TypeScript,package/src/components/RTLComponents/WritingDirectionAwareText.tsx,true
/language:javascript-typescript,TypeScript,package/src/components/ChannelList/hooks/listeners/useAddedToChannelNotification.ts,true
/language:javascript-typescript,TypeScript,package/src/icons/Pin.tsx,true
/language:javascript-typescript,TypeScript,package/src/icons/MessageFlag.tsx,true
/language:javascript-typescript,TypeScript,package/src/icons/Link.tsx,true
/language:javascript-typescript,TypeScript,examples/SampleApp/src/icons/Close.tsx,true
/language:javascript-typescript,TypeScript,package/src/contexts/messageInputContext/__tests__/removeFile.test.tsx,true
/language:javascript-typescript,TypeScript,package/src/contexts/threadContext/ThreadContext.tsx,true
/language:javascript-typescript,TypeScript,package/src/components/ImageBackground.tsx,true
/language:javascript-typescript,TypeScript,package/src/icons/Video.tsx,true
/language:javascript-typescript,TypeScript,package/src/components/Reply/__tests__/Reply.test.tsx,true
/language:javascript-typescript,TypeScript,package/native-package/src/optionalDependencies/Video.ts,true
/language:javascript-typescript,TypeScript,examples/SampleApp/src/icons/RemoveUser.tsx,true
/language:javascript-typescript,TypeScript,package/src/store/mappers/mapTaskToStorable.ts,true
/language:javascript-typescript,TypeScript,package/src/components/AttachmentPicker/components/CameraSelectorIcon.tsx,true
/language:javascript-typescript,TypeScript,package/src/components/MessageList/InlineLoadingMoreIndicator.tsx,true
/language:javascript-typescript,TypeScript,package/src/components/Message/MessageSimple/ReactionList.tsx,true
/language:python,Python,dotgit/hooks/pre-commit-reject-binaries.py,true
